Model,SecondsToTrain,TrainPrecision,TestPrecision,TrainRecall,TestRecall,TrainF1,TestF1,TrainAccuracy,TestAccuracy
"XGBClassifier(base_score=0.5, booster='gbtree', colsample_bylevel=1,
              colsample_bynode=1, colsample_bytree=1, gamma=0, gpu_id=-1,
              importance_type='gain', interaction_constraints='',
              learning_rate=0.5, max_delta_step=0, max_depth=5,
              min_child_weight=1, missing=nan, monotone_constraints='()',
              n_estimator=10, n_estimators=100, n_jobs=12, num_parallel_tree=1,
              random_state=0, reg_alpha=0, reg_lambda=1, scale_pos_weight=1,
              subsample=1, tree_method='exact', validate_parameters=1,
              verbosity=None)",1.3893239498138428,1.0,0.35714285714285715,1.0,0.38461538461538464,1.0,0.3703703703703704,1.0,0.958455522971652
"LogisticRegression(random_state=0, solver='liblinear')",0.7237367630004883,0.8959076600209863,0.1736111111111111,0.9244261585101776,0.7692307692307693,0.9099435148673133,0.28328611898017,0.9085101775660459,0.8763440860215054
KNeighborsClassifier(n_neighbors=2),9.320271730422974,1.0,0.2366412213740458,1.0,0.47692307692307695,1.0,0.3163265306122449,1.0,0.9345063538611925
<tensorflow.python.keras.engine.sequential.Sequential object at 0x116b20dc0>,54.08147716522217,0.983180753672557,0.3263157894736842,1.0,0.47692307692307695,0.9915190552871712,0.38750000000000007,0.9914465136422694,0.9521016617790812
"RandomForestClassifier(criterion='entropy', n_estimators=10, random_state=0)",0.41370105743408203,0.9984861591695502,0.35772357723577236,0.9997834560415765,0.676923076923077,0.9991343864964295,0.46808510638297873,0.9991338241663058,0.9511241446725318
Naive,0.0,0.0,0.0,0.0,0.0,0.0,0.0,0.5,0.9682306940371457
