Model,SecondsToTrain,TrainPrecision,TestPrecision,TrainRecall,TestRecall,TrainF1,TestF1,TrainAccuracy,TestAccuracy
"XGBClassifier(base_score=0.5, booster='gbtree', colsample_bylevel=1,
              colsample_bynode=1, colsample_bytree=1, gamma=0, gpu_id=-1,
              importance_type='gain', interaction_constraints='',
              learning_rate=0.5, max_delta_step=0, max_depth=5,
              min_child_weight=1, missing=nan, monotone_constraints='()',
              n_estimator=10, n_estimators=100, n_jobs=12, num_parallel_tree=1,
              random_state=0, reg_alpha=0, reg_lambda=1, scale_pos_weight=1,
              subsample=1, tree_method='exact', validate_parameters=1,
              verbosity=None)",1.6752221584320068,1.0,0.40963855421686746,1.0,0.5074626865671642,1.0,0.45333333333333337,1.0,0.9599217986314761
"LogisticRegression(random_state=0, solver='liblinear')",1.1752259731292725,0.9057524941625982,0.19318181818181818,0.9235930735930736,0.7611940298507462,0.914585789304469,0.3081570996978852,0.9137445887445887,0.8880742913000977
KNeighborsClassifier(n_neighbors=2),8.630949974060059,1.0,0.25517241379310346,1.0,0.5522388059701493,1.0,0.34905660377358494,1.0,0.9325513196480938
<tensorflow.python.keras.engine.sequential.Sequential object at 0x107089490>,43.92541313171387,0.9909890581420296,0.3670886075949367,0.9997835497835498,0.43283582089552236,0.9953668785691198,0.3972602739726027,0.9953463203463203,0.956989247311828
"RandomForestClassifier(criterion='entropy', n_estimators=10, random_state=0)",0.4034090042114258,0.9993509303331891,0.31746031746031744,0.9997835497835498,0.5970149253731343,0.9995671932482146,0.41450777202072536,0.9995670995670995,0.944770283479961
Naive,0.0,0.0,0.0,0.0,0.0,0.0,0.0,0.5,0.9672531769305963
