Model,SecondsToTrain,TrainPrecision,TestPrecision,TrainRecall,TestRecall,TrainF1,TestF1,TrainAccuracy,TestAccuracy
"XGBClassifier(base_score=0.5, booster='gbtree', colsample_bylevel=1,
              colsample_bynode=1, colsample_bytree=1, gamma=0, gpu_id=-1,
              importance_type='gain', interaction_constraints='',
              learning_rate=0.5, max_delta_step=0, max_depth=5,
              min_child_weight=1, missing=nan, monotone_constraints='()',
              n_estimator=10, n_estimators=100, n_jobs=12, num_parallel_tree=1,
              random_state=0, reg_alpha=0, reg_lambda=1, scale_pos_weight=1,
              subsample=1, tree_method='exact', validate_parameters=1,
              verbosity=None)",1.4048330783843994,1.0,0.3972602739726027,1.0,0.38666666666666666,1.0,0.3918918918918919,1.0,0.9560117302052786
"LogisticRegression(random_state=0, solver='liblinear')",1.1446688175201416,0.9096436058700209,0.20446096654275092,0.9375540190146932,0.7333333333333333,0.9233879548840178,0.31976744186046513,0.9222126188418324,0.8856304985337243
KNeighborsClassifier(n_neighbors=2),8.726775646209717,1.0,0.24166666666666667,1.0,0.38666666666666666,1.0,0.29743589743589743,1.0,0.9330400782013685
<tensorflow.python.keras.engine.sequential.Sequential object at 0x1019d4250>,54.151301860809326,0.9861495844875346,0.3411764705882353,1.0,0.38666666666666666,0.99302649930265,0.3625,0.9929775280898876,0.9501466275659824
"RandomForestClassifier(criterion='entropy', n_estimators=10, random_state=0)",0.39479994773864746,0.9997839239412273,0.33035714285714285,0.9997839239412273,0.49333333333333335,0.9997839239412273,0.3957219251336898,0.9997839239412273,0.944770283479961
Naive,0.0,0.0,0.0,0.0,0.0,0.0,0.0,0.5,0.9633431085043989
